Name,District,City,Facility Type,Description,Phone Number,Image URL,Opening Hours,Website,Capacity,Is Accessible,Latitude,Longitude
Daren Jonny Recreation Centre,West,Rosemont,Library Branch,"Offers permit services with free parking and arts workshops year-round. Known for a multi-purpose gym, youth programs, and open weekends.",+1 555-4811,http://zava.example/assets/facilities/daren-jonny-recreation-centre.jpg,"Mon-Fri 9:00-17:00, Sat 10:00-14:00",http://zava.example/facilities/daren-jonny-recreation-centre,337,Yes,43.743204,-79.359735
Johnathan Family Hub,East,Hillcrest,Community Hub,"Offers computer labs with senior wellness and open weekends year-round. Known for a multi-purpose gym, emergency services, and on-site volunteers.",+1 555-2584,http://zava.example/assets/facilities/johnathan-family-hub.jpg,Daily 9:00-17:00,http://zava.example/facilities/johnathan-family-hub,483,No,43.720745,-79.338574
Jonty Access Point,South,Birchwood,Library Branch,"Offers permit services with free parking and senior wellness year-round. Known for outdoor green space, youth programs, and open weekends.",+1 555-5741,http://zava.example/assets/facilities/jonty-access-point.jpg,"Mon-Thu 8:30-16:30, Fri 8:30-15:00",http://zava.example/facilities/jonty-access-point,487,Yes,43.773297,-79.423975
Jonnathan Senior Center,Downtown,Birchwood,Library Branch,"Offers local history archive with free parking and senior wellness year-round. Known for family-friendly seating, emergency services, and on-site volunteers.",+1 555-5422,http://zava.example/assets/facilities/jonnathan-senior-center.jpg,"Tue-Sat 9:00-17:00, closed Sun-Mon",http://zava.example/facilities/jonnathan-senior-center,400,No,43.76857,-79.3448
Darelle Resource Centre,East,Silverlake,Library Branch,"Offers recreation leagues with senior wellness and arts workshops year-round. Known for a maker space, free parking, and extended evening hours.",+1 555-3287,http://zava.example/assets/facilities/darelle-resource-centre.jpg,"Tue-Sat 9:00-17:00, closed Sun-Mon",http://zava.example/facilities/darelle-resource-centre,431,No,43.749403,-79.414313
Johanathan Community Hub,Central,Elmwood,Access Point,"Offers childcare information with senior wellness and open weekends year-round. Known for bike racks, youth programs, and on-site volunteers.",+1 555-8668,http://zava.example/assets/facilities/johanathan-community-hub.jpg,"Mon-Wed 9:00-19:00, Thu-Fri 9:00-17:00, Sat 9:00-13:00",http://zava.example/facilities/johanathan-community-hub,333,Yes,43.736057,-79.47709
Darryl-Ann Recreation Centre,North,Hillcrest,Civic Office,"Offers computer labs with youth programs and emergency services year-round. Known for outdoor green space, senior wellness, and extended evening hours.",+1 555-9317,http://zava.example/assets/facilities/darryl-ann-recreation-centre.jpg,"Tue-Sat 9:00-17:00, closed Sun-Mon",http://zava.example/facilities/darryl-ann-recreation-centre,128,No,43.752502,-79.392124
Jonny Nathan Public Counter,West,Elmwood,Community Hub,"Offers community counseling with senior wellness and youth programs year-round. Known for a multi-purpose gym, open weekends, and on-site volunteers.",+1 555-2133,http://zava.example/assets/facilities/jonny-nathan-public-counter.jpg,"Mon-Fri 10:00-18:00, Sun 11:00-15:00",http://zava.example/facilities/jonny-nathan-public-counter,115,No,43.78937,-79.466975
Joe Nathan Library Branch,Downtown,Greenfield,Library Branch,"Offers recreation leagues with arts workshops and emergency services year-round. Known for a multi-purpose gym, open weekends, and open weekends.",+1 555-4681,http://zava.example/assets/facilities/joe-nathan-library-branch.jpg,"Mon-Thu 8:30-16:30, Fri 8:30-15:00",http://zava.example/facilities/joe-nathan-library-branch,223,Yes,43.717662,-79.453977
The Darelle Jonty Wellness Pavilion,West,Riverton,Access Point,"Offers after-school tutoring with emergency services and arts workshops year-round. Known for a large auditorium, senior wellness, and easy transit access.",+1 555-8744,http://zava.example/assets/facilities/the-darelle-jonty-wellness-pavilion.jpg,"Tue-Sat 9:00-17:00, closed Sun-Mon",http://zava.example/facilities/the-darelle-jonty-wellness-pavilion,451,No,43.761499,-79.461918
Darrol Senior Centre,Downtown,Bayview,Library Branch,"Offers food pantry referrals with youth programs and arts workshops year-round. Known for a staffed information desk, senior wellness, and open weekends.",+1 555-4116,http://zava.example/assets/facilities/darrol-senior-centre.jpg,"Mon-Fri 9:00-20:00, Sat-Sun 10:00-16:00",http://zava.example/facilities/darrol-senior-centre,121,No,43.636698,-79.407474
Jona Than Neighbourhood Hall,West,Bayview,Library Branch,"Offers meeting rooms with youth programs and senior wellness year-round. Known for family-friendly seating, open weekends, and on-site volunteers.",+1 555-4502,http://zava.example/assets/facilities/jona-than-neighbourhood-hall.jpg,"Mon-Fri 7:30-15:30, open weekends 10:00-14:00",http://zava.example/facilities/jona-than-neighbourhood-hall,80,Yes,43.675795,-79.302938
Darryll Resource Centre,Downtown,Parkview,Library Branch,"Offers after-school tutoring with senior wellness and open weekends year-round. Known for a welcoming lobby, emergency services, and easy transit access.",+1 555-9883,http://zava.example/assets/facilities/darryll-resource-centre.jpg,"Mon-Fri 9:00-17:00, Sat 10:00-14:00",http://zava.example/facilities/darryll-resource-centre,432,No,43.611433,-79.383164
Joe Nathan Service Desk,West,Canyon,Access Point,"Offers quiet study zones with open weekends and senior wellness year-round. Known for a large auditorium, youth programs, and open weekends.",+1 555-1651,http://zava.example/assets/facilities/joe-nathan-service-desk.jpg,"Mon-Thu 8:30-16:30, Fri 8:30-15:00",http://zava.example/facilities/joe-nathan-service-desk,264,No,43.786941,-79.459148
Derran Recreation Centre,North,Crestwood,Community Hub,"Offers computer labs with youth programs and arts workshops year-round. Known for a small café, senior wellness, and open weekends.",+1 555-9288,http://zava.example/assets/facilities/derran-recreation-centre.jpg,"Mon-Wed 9:00-19:00, Thu-Fri 9:00-17:00, Sat 9:00-13:00",http://zava.example/facilities/derran-recreation-centre,117,No,43.776173,-79.324146
Jonathon Neighbourhood Hall,South,Rosemont,Senior Centre,"Offers language classes with open weekends and free parking year-round. Known for a maker space, youth programs, and extended evening hours.",+1 555-2891,http://zava.example/assets/facilities/jonathon-neighbourhood-hall.jpg,"Mon-Thu 8:30-16:30, Fri 8:30-15:00",http://zava.example/facilities/jonathon-neighbourhood-hall,430,Yes,43.65447,-79.379034
Derran Wellness Pavilion,Central,Birchwood,Access Point,"Offers job search help with open weekends and arts workshops year-round. Known for a welcoming lobby, youth programs, and extended evening hours.",+1 555-3143,http://zava.example/assets/facilities/derran-wellness-pavilion.jpg,"Mon-Wed 9:00-19:00, Thu-Fri 9:00-17:00, Sat 9:00-13:00",http://zava.example/facilities/derran-wellness-pavilion,132,No,43.710336,-79.414463
Darrell Darryl Learning Annex,North,Silverlake,Senior Centre,"Offers permit services with arts workshops and senior wellness year-round. Known for accessible entrances, free parking, and free parking.",+1 555-6862,http://zava.example/assets/facilities/darrell-darryl-learning-annex.jpg,"Tue-Sat 9:00-17:00, closed Sun-Mon",http://zava.example/facilities/darrell-darryl-learning-annex,399,Yes,43.733387,-79.429264
Jona-than Library Branch,East,Canyon,Civic Office,"Offers childcare information with youth programs and senior wellness year-round. Known for outdoor green space, emergency services, and open weekends.",+1 555-5371,http://zava.example/assets/facilities/jona-than-library-branch.jpg,"Mon-Fri 10:00-18:00, Sun 11:00-15:00",http://zava.example/facilities/jona-than-library-branch,453,Yes,43.676508,-79.492255
Jon Nathen Sports Complex,East,Greenfield,Access Point,"Offers job search help with arts workshops and emergency services year-round. Known for private consultation rooms, youth programs, and extended evening hours.",+1 555-9346,http://zava.example/assets/facilities/jon-nathen-sports-complex.jpg,"Mon-Fri 7:30-15:30, open weekends 10:00-14:00",http://zava.example/facilities/jon-nathen-sports-complex,397,No,43.787847,-79.476932
Darryll Darelly Community Center,Downtown,Riverton,Recreation Centre,"Offers after-school tutoring with arts workshops and free parking year-round. Known for a welcoming lobby, emergency services, and on-site volunteers.",+1 555-1027,http://zava.example/assets/facilities/darryll-darelly-community-center.jpg,"Tue-Sat 9:00-17:00, closed Sun-Mon",http://zava.example/facilities/darryll-darelly-community-center,236,No,43.613995,-79.367152
Jonathan Wellness Pavilion,North,Parkview,Community Hub,"Offers fitness classes with emergency services and arts workshops year-round. Known for a staffed information desk, open weekends, and on-site volunteers.",+1 555-7211,http://zava.example/assets/facilities/jonathan-wellness-pavilion.jpg,"Mon-Fri 10:00-18:00, Sun 11:00-15:00",http://zava.example/facilities/jonathan-wellness-pavilion,365,No,43.681215,-79.333255
Darelly Library Branch,North,Crestwood,Recreation Centre,"Offers meeting rooms with open weekends and senior wellness year-round. Known for outdoor green space, arts workshops, and free parking.",+1 555-5649,http://zava.example/assets/facilities/darelly-library-branch.jpg,Daily 9:00-17:00,http://zava.example/facilities/darelly-library-branch,97,Yes,43.734559,-79.455072
Darril Daryl Community Hub,West,Crestwood,Recreation Centre,"Offers health screenings with open weekends and arts workshops year-round. Known for a staffed information desk, free parking, and open weekends.",+1 555-1090,http://zava.example/assets/facilities/darril-daryl-community-hub.jpg,"Mon-Thu 8:30-16:30, Fri 8:30-15:00",http://zava.example/facilities/darril-daryl-community-hub,448,No,43.643768,-79.339178
Derran Community Centre,West,Crestwood,Civic Office,"Offers recreation leagues with open weekends and free parking year-round. Known for a large auditorium, emergency services, and easy transit access.",+1 555-7991,http://zava.example/assets/facilities/derran-community-centre.jpg,"Mon-Fri 9:00-20:00, Sat-Sun 10:00-16:00",http://zava.example/facilities/derran-community-centre,131,No,43.690014,-79.349645
D. Arrell Resource Centre,East,Birchwood,Recreation Centre,"Offers local history archive with open weekends and emergency services year-round. Known for accessible entrances, arts workshops, and extended evening hours.",+1 555-9849,http://zava.example/assets/facilities/d-arrell-resource-centre.jpg,"Mon-Thu 8:30-16:30, Fri 8:30-15:00",http://zava.example/facilities/d-arrell-resource-centre,120,Yes,43.646252,-79.36121
Derran Johnathan Library Branch,West,Greenfield,Recreation Centre,"Offers health screenings with free parking and youth programs year-round. Known for a welcoming lobby, arts workshops, and extended evening hours.",+1 555-5892,http://zava.example/assets/facilities/derran-johnathan-library-branch.jpg,"Mon-Fri 7:30-15:30, open weekends 10:00-14:00",http://zava.example/facilities/derran-johnathan-library-branch,486,No,43.707644,-79.353073
J. Nathan Community Hub,Central,Bayview,Recreation Centre,"Offers recreation leagues with open weekends and arts workshops year-round. Known for a maker space, senior wellness, and easy transit access.",+1 555-9751,http://zava.example/assets/facilities/j-nathan-community-hub.jpg,"Mon-Fri 9:00-17:00, Sat 10:00-14:00",http://zava.example/facilities/j-nathan-community-hub,251,Yes,43.616789,-79.414277
Jona Than Community Centre,Central,Riverton,Community Hub,"Offers community counseling with emergency services and arts workshops year-round. Known for family-friendly seating, open weekends, and free parking.",+1 555-9837,http://zava.example/assets/facilities/jona-than-community-centre.jpg,"Mon-Fri 9:00-17:00, Sat 10:00-14:00",http://zava.example/facilities/jona-than-community-centre,229,Yes,43.730029,-79.343753
The Daren Darrell Community Hub,East,Greenfield,Civic Office,"Offers recreation leagues with open weekends and youth programs year-round. Known for private consultation rooms, senior wellness, and extended evening hours.",+1 555-3749,http://zava.example/assets/facilities/the-daren-darrell-community-hub.jpg,"Mon-Thu 8:30-16:30, Fri 8:30-15:00",http://zava.example/facilities/the-daren-darrell-community-hub,448,Yes,43.792944,-79.47838
Darrell Family Hub,Central,Greenfield,Access Point,"Offers computer labs with youth programs and emergency services year-round. Known for accessible entrances, senior wellness, and easy transit access.",+1 555-8018,http://zava.example/assets/facilities/darrell-family-hub.jpg,Daily 9:00-17:00,http://zava.example/facilities/darrell-family-hub,85,No,43.60253,-79.415988
Jon Nathen Jonathon Wellness Pavilion,East,Hillcrest,Civic Office,"Offers recreation leagues with free parking and open weekends year-round. Known for bike racks, arts workshops, and easy transit access.",+1 555-5397,http://zava.example/assets/facilities/jon-nathen-jonathon-wellness-pavilion.jpg,Daily 9:00-17:00,http://zava.example/facilities/jon-nathen-jonathon-wellness-pavilion,486,Yes,43.766146,-79.482667
Darryl-Ann Resource Centre,Central,Riverton,Access Point,"Offers after-school tutoring with emergency services and senior wellness year-round. Known for accessible entrances, arts workshops, and extended evening hours.",+1 555-6576,http://zava.example/assets/facilities/darryl-ann-resource-centre.jpg,"Mon-Wed 9:00-19:00, Thu-Fri 9:00-17:00, Sat 9:00-13:00",http://zava.example/facilities/darryl-ann-resource-centre,500,No,43.711158,-79.396675
Darril Jonny Library Branch,Downtown,Crestwood,Library Branch,"Offers language classes with arts workshops and youth programs year-round. Known for a staffed information desk, free parking, and on-site volunteers.",+1 555-4986,http://zava.example/assets/facilities/darril-jonny-library-branch.jpg,"Mon-Wed 9:00-19:00, Thu-Fri 9:00-17:00, Sat 9:00-13:00",http://zava.example/facilities/darril-jonny-library-branch,389,No,43.694652,-79.393816
Johnathan Service Desk,North,Birchwood,Community Hub,"Offers food pantry referrals with youth programs and senior wellness year-round. Known for a small café, emergency services, and open weekends.",+1 555-4138,http://zava.example/assets/facilities/johnathan-service-desk.jpg,"Tue-Sat 9:00-17:00, closed Sun-Mon",http://zava.example/facilities/johnathan-service-desk,428,No,43.6553,-79.382083
Jonny Nathan Recreation Centre,North,Greenfield,Community Hub,"Offers fitness classes with emergency services and youth programs year-round. Known for a welcoming lobby, free parking, and free parking.",+1 555-5786,http://zava.example/assets/facilities/jonny-nathan-recreation-centre.jpg,"Mon-Fri 10:00-18:00, Sun 11:00-15:00",http://zava.example/facilities/jonny-nathan-recreation-centre,376,No,43.620518,-79.497547
Darelly Neighbourhood Hall,North,Crestwood,Access Point,"Offers community counseling with arts workshops and open weekends year-round. Known for a maker space, youth programs, and open weekends.",+1 555-5978,http://zava.example/assets/facilities/darelly-neighbourhood-hall.jpg,"Mon-Thu 8:30-16:30, Fri 8:30-15:00",http://zava.example/facilities/darelly-neighbourhood-hall,177,Yes,43.711615,-79.416765
Jonnathon Community Hub,Central,Birchwood,Senior Centre,"Offers computer labs with emergency services and free parking year-round. Known for a staffed information desk, youth programs, and open weekends.",+1 555-5335,http://zava.example/assets/facilities/jonnathon-community-hub.jpg,"Mon-Thu 8:30-16:30, Fri 8:30-15:00",http://zava.example/facilities/jonnathon-community-hub,130,Yes,43.634763,-79.484987
Darrell Learning Annex,East,Birchwood,Library Branch,"Offers local history archive with open weekends and arts workshops year-round. Known for private consultation rooms, youth programs, and easy transit access.",+1 555-4241,http://zava.example/assets/facilities/darrell-learning-annex.jpg,"Mon-Fri 7:30-15:30, open weekends 10:00-14:00",http://zava.example/facilities/darrell-learning-annex,108,Yes,43.729527,-79.318318
D. Arrell Daryl Civic Office,South,Birchwood,Recreation Centre,"Offers quiet study zones with arts workshops and emergency services year-round. Known for a small café, free parking, and easy transit access.",+1 555-9090,http://zava.example/assets/facilities/d-arrell-daryl-civic-office.jpg,"Mon-Fri 9:00-20:00, Sat-Sun 10:00-16:00",http://zava.example/facilities/d-arrell-daryl-civic-office,91,Yes,43.777885,-79.353093
Jonnathon Access Point,South,Silverlake,Access Point,"Offers health screenings with free parking and youth programs year-round. Known for a small café, senior wellness, and on-site volunteers.",+1 555-5557,http://zava.example/assets/facilities/jonnathon-access-point.jpg,"Mon-Fri 10:00-18:00, Sun 11:00-15:00",http://zava.example/facilities/jonnathon-access-point,349,No,43.726957,-79.401655
Darryl Library Branch,East,Riverton,Recreation Centre,"Offers recreation leagues with emergency services and arts workshops year-round. Known for a multi-purpose gym, youth programs, and extended evening hours.",+1 555-5135,http://zava.example/assets/facilities/darryl-library-branch.jpg,Daily 9:00-17:00,http://zava.example/facilities/darryl-library-branch,109,No,43.772982,-79.335015
The Darrell Service Desk,South,Riverton,Senior Centre,"Offers after-school tutoring with open weekends and arts workshops year-round. Known for private consultation rooms, youth programs, and easy transit access.",+1 555-3146,http://zava.example/assets/facilities/the-darrell-service-desk.jpg,"Mon-Wed 9:00-19:00, Thu-Fri 9:00-17:00, Sat 9:00-13:00",http://zava.example/facilities/the-darrell-service-desk,274,No,43.624285,-79.305371
Jonnathon Learning Annex,South,Hillcrest,Access Point,"Offers computer labs with youth programs and arts workshops year-round. Known for family-friendly seating, emergency services, and extended evening hours.",+1 555-9337,http://zava.example/assets/facilities/jonnathon-learning-annex.jpg,"Mon-Wed 9:00-19:00, Thu-Fri 9:00-17:00, Sat 9:00-13:00",http://zava.example/facilities/jonnathon-learning-annex,262,No,43.796049,-79.451254
Jona-than Darril Public Counter,East,Elmwood,Community Hub,"Offers drop-in support with emergency services and free parking year-round. Known for private consultation rooms, open weekends, and extended evening hours.",+1 555-9022,http://zava.example/assets/facilities/jona-than-darril-public-counter.jpg,"Mon-Fri 10:00-18:00, Sun 11:00-15:00",http://zava.example/facilities/jona-than-darril-public-counter,278,No,43.669025,-79.389617
Jona-than Public Counter,Downtown,Greenfield,Senior Centre,"Offers food pantry referrals with senior wellness and arts workshops year-round. Known for family-friendly seating, youth programs, and on-site volunteers.",+1 555-7325,http://zava.example/assets/facilities/jona-than-public-counter.jpg,"Mon-Fri 10:00-18:00, Sun 11:00-15:00",http://zava.example/facilities/jona-than-public-counter,303,Yes,43.625249,-79.306929
The Jonathan Sports Complex,Central,Bayview,Library Branch,"Offers community counseling with arts workshops and senior wellness year-round. Known for private consultation rooms, open weekends, and extended evening hours.",+1 555-7512,http://zava.example/assets/facilities/the-jonathan-sports-complex.jpg,"Mon-Thu 8:30-16:30, Fri 8:30-15:00",http://zava.example/facilities/the-jonathan-sports-complex,486,No,43.770468,-79.328132
Jonatan Wellness Pavilion,South,Bayview,Senior Centre,"Offers local history archive with senior wellness and emergency services year-round. Known for bike racks, youth programs, and free parking.",+1 555-2646,http://zava.example/assets/facilities/jonatan-wellness-pavilion.jpg,"Mon-Fri 9:00-20:00, Sat-Sun 10:00-16:00",http://zava.example/facilities/jonatan-wellness-pavilion,135,No,43.780685,-79.490802
J. Nathan Jonathon Senior Centre,Central,Silverlake,Library Branch,"Offers community counseling with senior wellness and open weekends year-round. Known for a large auditorium, free parking, and open weekends.",+1 555-9153,http://zava.example/assets/facilities/j-nathan-jonathon-senior-centre.jpg,"Mon-Fri 10:00-18:00, Sun 11:00-15:00",http://zava.example/facilities/j-nathan-jonathon-senior-centre,168,No,43.727581,-79.408086
Darron D. Neighbourhood Hall,East,Elmwood,Recreation Centre,"Offers job search help with free parking and emergency services year-round. Known for family-friendly seating, arts workshops, and extended evening hours.",+1 555-4263,http://zava.example/assets/facilities/darron-d-neighbourhood-hall.jpg,"Mon-Fri 7:30-15:30, open weekends 10:00-14:00",http://zava.example/facilities/darron-d-neighbourhood-hall,486,No,43.621331,-79.423727
Jonathon Learning Annex,Downtown,Hillcrest,Community Hub,"Offers health screenings with free parking and youth programs year-round. Known for a staffed information desk, arts workshops, and easy transit access.",+1 555-6772,http://zava.example/assets/facilities/jonathon-learning-annex.jpg,"Tue-Sat 9:00-17:00, closed Sun-Mon",http://zava.example/facilities/jonathon-learning-annex,375,Yes,43.724178,-79.364447
Jonty Wellness Pavilion,Downtown,Rosemont,Access Point,"Offers fitness classes with arts workshops and youth programs year-round. Known for a multi-purpose gym, emergency services, and extended evening hours.",+1 555-6352,http://zava.example/assets/facilities/jonty-wellness-pavilion.jpg,"Mon-Fri 7:30-15:30, open weekends 10:00-14:00",http://zava.example/facilities/jonty-wellness-pavilion,139,Yes,43.626432,-79.392118
Jonathon Public Counter,Central,Birchwood,Library Branch,"Offers fitness classes with youth programs and arts workshops year-round. Known for a staffed information desk, open weekends, and on-site volunteers.",+1 555-6992,http://zava.example/assets/facilities/jonathon-public-counter.jpg,"Mon-Thu 8:30-16:30, Fri 8:30-15:00",http://zava.example/facilities/jonathon-public-counter,454,No,43.602784,-79.392686
Jonnathan Learning Annex,Downtown,Riverton,Access Point,"Offers food pantry referrals with arts workshops and youth programs year-round. Known for outdoor green space, emergency services, and free parking.",+1 555-8606,http://zava.example/assets/facilities/jonnathan-learning-annex.jpg,"Mon-Wed 9:00-19:00, Thu-Fri 9:00-17:00, Sat 9:00-13:00",http://zava.example/facilities/jonnathan-learning-annex,382,No,43.623335,-79.490931
Daryl Neighbourhood Hall,South,Canyon,Recreation Centre,"Offers fitness classes with emergency services and free parking year-round. Known for bike racks, arts workshops, and free parking.",+1 555-9017,http://zava.example/assets/facilities/daryl-neighbourhood-hall.jpg,"Mon-Fri 7:30-15:30, open weekends 10:00-14:00",http://zava.example/facilities/daryl-neighbourhood-hall,193,Yes,43.738056,-79.456546
Jonnathan Sports Complex,North,Parkview,Library Branch,"Offers after-school tutoring with youth programs and arts workshops year-round. Known for a multi-purpose gym, emergency services, and on-site volunteers.",+1 555-2501,http://zava.example/assets/facilities/jonnathan-sports-complex.jpg,"Tue-Sat 9:00-17:00, closed Sun-Mon",http://zava.example/facilities/jonnathan-sports-complex,378,Yes,43.610116,-79.433298
Darell Community Hub,East,Silverlake,Civic Office,"Offers drop-in support with emergency services and senior wellness year-round. Known for a maker space, free parking, and open weekends.",+1 555-9850,http://zava.example/assets/facilities/darell-community-hub.jpg,"Mon-Wed 9:00-19:00, Thu-Fri 9:00-17:00, Sat 9:00-13:00",http://zava.example/facilities/darell-community-hub,458,Yes,43.621985,-79.32671
Darell D. Resource Centre,East,Birchwood,Access Point,"Offers computer labs with open weekends and arts workshops year-round. Known for family-friendly seating, youth programs, and on-site volunteers.",+1 555-6931,http://zava.example/assets/facilities/darell-d-resource-centre.jpg,"Mon-Thu 8:30-16:30, Fri 8:30-15:00",http://zava.example/facilities/darell-d-resource-centre,281,Yes,43.789083,-79.491327
J. Nathan Wellness Pavilion,West,Bayview,Recreation Centre,"Offers recreation leagues with arts workshops and youth programs year-round. Known for a multi-purpose gym, open weekends, and free parking.",+1 555-6277,http://zava.example/assets/facilities/j-nathan-wellness-pavilion.jpg,"Mon-Fri 10:00-18:00, Sun 11:00-15:00",http://zava.example/facilities/j-nathan-wellness-pavilion,83,Yes,43.655003,-79.373385
Jona-than Library Branch #1,Central,Parkview,Senior Centre,"Offers childcare information with youth programs and open weekends year-round. Known for family-friendly seating, senior wellness, and open weekends.",+1 555-7779,http://zava.example/assets/facilities/jona-than-library-branch-1.jpg,Daily 9:00-17:00,http://zava.example/facilities/jona-than-library-branch-1,473,No,43.679746,-79.354077
Jonathan Wellness Pavilion #1,Downtown,Crestwood,Access Point,"Offers childcare information with youth programs and open weekends year-round. Known for accessible entrances, senior wellness, and open weekends.",+1 555-1982,http://zava.example/assets/facilities/jonathan-wellness-pavilion-1.jpg,Daily 9:00-17:00,http://zava.example/facilities/jonathan-wellness-pavilion-1,393,Yes,43.682162,-79.325279
Jonny Nathan Public Counter #1,South,Birchwood,Community Hub,"Offers after-school tutoring with free parking and open weekends year-round. Known for outdoor green space, senior wellness, and on-site volunteers.",+1 555-4674,http://zava.example/assets/facilities/jonny-nathan-public-counter-1.jpg,"Mon-Thu 8:30-16:30, Fri 8:30-15:00",http://zava.example/facilities/jonny-nathan-public-counter-1,229,No,43.622977,-79.444286
Darelle Sports Complex,South,Silverlake,Library Branch,"Offers drop-in support with free parking and emergency services year-round. Known for private consultation rooms, senior wellness, and extended evening hours.",+1 555-6567,http://zava.example/assets/facilities/darelle-sports-complex.jpg,Daily 9:00-17:00,http://zava.example/facilities/darelle-sports-complex,53,Yes,43.773973,-79.386736
The Jonatan Jonny Wellness Pavilion,South,Greenfield,Recreation Centre,"Offers public Wi‑Fi with arts workshops and emergency services year-round. Known for private consultation rooms, senior wellness, and extended evening hours.",+1 555-2391,http://zava.example/assets/facilities/the-jonatan-jonny-wellness-pavilion.jpg,"Mon-Fri 9:00-17:00, Sat 10:00-14:00",http://zava.example/facilities/the-jonatan-jonny-wellness-pavilion,129,Yes,43.750887,-79.490048
Darryl Wellness Pavilion,Central,Birchwood,Civic Office,"Offers computer labs with emergency services and arts workshops year-round. Known for outdoor green space, free parking, and easy transit access.",+1 555-8972,http://zava.example/assets/facilities/darryl-wellness-pavilion.jpg,"Mon-Wed 9:00-19:00, Thu-Fri 9:00-17:00, Sat 9:00-13:00",http://zava.example/facilities/darryl-wellness-pavilion,73,Yes,43.679053,-79.380135
Darrell Darelle Resource Center,North,Elmwood,Access Point,"Offers fitness classes with open weekends and arts workshops year-round. Known for bike racks, senior wellness, and easy transit access.",+1 555-4770,http://zava.example/assets/facilities/darrell-darelle-resource-center.jpg,Daily 9:00-17:00,http://zava.example/facilities/darrell-darelle-resource-center,86,No,43.772353,-79.49154
Darrell Access Point,South,Hillcrest,Library Branch,"Offers drop-in support with emergency services and youth programs year-round. Known for accessible entrances, arts workshops, and open weekends.",+1 555-8538,http://zava.example/assets/facilities/darrell-access-point.jpg,Daily 9:00-17:00,http://zava.example/facilities/darrell-access-point,95,No,43.768897,-79.451337
Johanathan Access Point,North,Greenfield,Community Hub,"Offers computer labs with youth programs and free parking year-round. Known for accessible entrances, emergency services, and extended evening hours.",+1 555-3419,http://zava.example/assets/facilities/johanathan-access-point.jpg,"Tue-Sat 9:00-17:00, closed Sun-Mon",http://zava.example/facilities/johanathan-access-point,102,Yes,43.651194,-79.4653
Darell Wellness Pavilion,Downtown,Crestwood,Recreation Centre,"Offers food pantry referrals with open weekends and free parking year-round. Known for a maker space, emergency services, and on-site volunteers.",+1 555-2118,http://zava.example/assets/facilities/darell-wellness-pavilion.jpg,"Mon-Fri 9:00-20:00, Sat-Sun 10:00-16:00",http://zava.example/facilities/darell-wellness-pavilion,276,No,43.759266,-79.381716
The Jonathon Recreation Centre,North,Birchwood,Access Point,"Offers quiet study zones with free parking and open weekends year-round. Known for a large auditorium, arts workshops, and easy transit access.",+1 555-1672,http://zava.example/assets/facilities/the-jonathon-recreation-centre.jpg,"Mon-Fri 9:00-20:00, Sat-Sun 10:00-16:00",http://zava.example/facilities/the-jonathon-recreation-centre,464,Yes,43.664305,-79.404874
Darell Neighbourhood Hall,North,Elmwood,Senior Centre,"Offers recreation leagues with youth programs and senior wellness year-round. Known for a small café, open weekends, and easy transit access.",+1 555-3600,http://zava.example/assets/facilities/darell-neighbourhood-hall.jpg,Daily 9:00-17:00,http://zava.example/facilities/darell-neighbourhood-hall,240,No,43.677483,-79.345107
Darron Resource Centre,North,Elmwood,Senior Centre,"Offers food pantry referrals with emergency services and open weekends year-round. Known for a multi-purpose gym, senior wellness, and easy transit access.",+1 555-3317,http://zava.example/assets/facilities/darron-resource-centre.jpg,Daily 9:00-17:00,http://zava.example/facilities/darron-resource-centre,208,No,43.62579,-79.358233
Darryl Library Branch #1,East,Rosemont,Library Branch,"Offers public Wi‑Fi with open weekends and arts workshops year-round. Known for accessible entrances, youth programs, and extended evening hours.",+1 555-3953,http://zava.example/assets/facilities/darryl-library-branch-1.jpg,"Tue-Sat 9:00-17:00, closed Sun-Mon",http://zava.example/facilities/darryl-library-branch-1,224,No,43.638401,-79.300005
Darell Darryl-Ann Resource Center,Downtown,Parkview,Access Point,"Offers fitness classes with free parking and senior wellness year-round. Known for a maker space, arts workshops, and open weekends.",+1 555-3712,http://zava.example/assets/facilities/darell-darryl-ann-resource-center.jpg,"Mon-Fri 9:00-20:00, Sat-Sun 10:00-16:00",http://zava.example/facilities/darell-darryl-ann-resource-center,72,No,43.67286,-79.356083
Jonnathan Resource Centre,South,Greenfield,Community Hub,"Offers recreation leagues with senior wellness and emergency services year-round. Known for private consultation rooms, arts workshops, and on-site volunteers.",+1 555-9239,http://zava.example/assets/facilities/jonnathan-resource-centre.jpg,"Mon-Fri 7:30-15:30, open weekends 10:00-14:00",http://zava.example/facilities/jonnathan-resource-centre,132,Yes,43.760252,-79.47232
Darryll Joe Sports Complex,Downtown,Parkview,Access Point,"Offers recreation leagues with youth programs and senior wellness year-round. Known for a small café, emergency services, and open weekends.",+1 555-8167,http://zava.example/assets/facilities/darryll-joe-sports-complex.jpg,"Mon-Thu 8:30-16:30, Fri 8:30-15:00",http://zava.example/facilities/darryll-joe-sports-complex,163,No,43.776926,-79.313906
Johnathan Jona-than Senior Centre,North,Greenfield,Access Point,"Offers fitness classes with youth programs and emergency services year-round. Known for a welcoming lobby, senior wellness, and extended evening hours.",+1 555-8740,http://zava.example/assets/facilities/johnathan-jona-than-senior-centre.jpg,"Mon-Fri 10:00-18:00, Sun 11:00-15:00",http://zava.example/facilities/johnathan-jona-than-senior-centre,438,No,43.68972,-79.49895
Darryl Darelle Sports Complex,South,Parkview,Recreation Centre,"Offers language classes with emergency services and senior wellness year-round. Known for a welcoming lobby, youth programs, and open weekends.",+1 555-7878,http://zava.example/assets/facilities/darryl-darelle-sports-complex.jpg,"Mon-Fri 9:00-20:00, Sat-Sun 10:00-16:00",http://zava.example/facilities/darryl-darelle-sports-complex,82,Yes,43.767338,-79.400034
Jona-than Joe Family Hub,Central,Bayview,Senior Centre,"Offers meeting rooms with senior wellness and free parking year-round. Known for outdoor green space, arts workshops, and free parking.",+1 555-9576,http://zava.example/assets/facilities/jona-than-joe-family-hub.jpg,Daily 9:00-17:00,http://zava.example/facilities/jona-than-joe-family-hub,84,Yes,43.678091,-79.405973
The Daren Senior Centre,West,Riverton,Civic Office,"Offers fitness classes with free parking and emergency services year-round. Known for accessible entrances, youth programs, and easy transit access.",+1 555-6546,http://zava.example/assets/facilities/the-daren-senior-centre.jpg,"Mon-Fri 10:00-18:00, Sun 11:00-15:00",http://zava.example/facilities/the-daren-senior-centre,475,No,43.796164,-79.404294
Darel Access Point,West,Birchwood,Civic Office,"Offers food pantry referrals with senior wellness and youth programs year-round. Known for a small café, free parking, and on-site volunteers.",+1 555-9897,http://zava.example/assets/facilities/darel-access-point.jpg,"Mon-Fri 9:00-20:00, Sat-Sun 10:00-16:00",http://zava.example/facilities/darel-access-point,179,Yes,43.750658,-79.461779
Jonathon Community Centre,West,Riverton,Recreation Centre,"Offers food pantry referrals with open weekends and arts workshops year-round. Known for a maker space, free parking, and on-site volunteers.",+1 555-9151,http://zava.example/assets/facilities/jonathon-community-centre.jpg,Daily 9:00-17:00,http://zava.example/facilities/jonathon-community-centre,458,No,43.76023,-79.354584
Darryl Sports Complex,West,Elmwood,Community Hub,"Offers meeting rooms with emergency services and arts workshops year-round. Known for family-friendly seating, free parking, and extended evening hours.",+1 555-8325,http://zava.example/assets/facilities/darryl-sports-complex.jpg,"Mon-Fri 9:00-17:00, Sat 10:00-14:00",http://zava.example/facilities/darryl-sports-complex,422,No,43.72297,-79.413012
Daren Community Center,North,Parkview,Library Branch,"Offers recreation leagues with youth programs and senior wellness year-round. Known for a maker space, emergency services, and free parking.",+1 555-4866,http://zava.example/assets/facilities/daren-community-center.jpg,Daily 9:00-17:00,http://zava.example/facilities/daren-community-center,235,No,43.789893,-79.493523
Darell Senior Centre,South,Canyon,Senior Centre,"Offers local history archive with arts workshops and emergency services year-round. Known for a multi-purpose gym, free parking, and free parking.",+1 555-4048,http://zava.example/assets/facilities/darell-senior-centre.jpg,"Mon-Fri 9:00-20:00, Sat-Sun 10:00-16:00",http://zava.example/facilities/darell-senior-centre,315,No,43.782709,-79.476448
Jonny Nathan Neighbourhood Hall,Downtown,Crestwood,Civic Office,"Offers recreation leagues with senior wellness and youth programs year-round. Known for family-friendly seating, arts workshops, and free parking.",+1 555-6236,http://zava.example/assets/facilities/jonny-nathan-neighbourhood-hall.jpg,Daily 9:00-17:00,http://zava.example/facilities/jonny-nathan-neighbourhood-hall,413,Yes,43.709999,-79.441928
Darelly Learning Annex,East,Riverton,Senior Centre,"Offers fitness classes with youth programs and senior wellness year-round. Known for family-friendly seating, arts workshops, and free parking.",+1 555-6912,http://zava.example/assets/facilities/darelly-learning-annex.jpg,Daily 9:00-17:00,http://zava.example/facilities/darelly-learning-annex,289,Yes,43.72239,-79.482757
Darelly Learning Annex #1,Central,Silverlake,Access Point,"Offers recreation leagues with emergency services and youth programs year-round. Known for outdoor green space, open weekends, and easy transit access.",+1 555-6644,http://zava.example/assets/facilities/darelly-learning-annex-1.jpg,"Mon-Fri 10:00-18:00, Sun 11:00-15:00",http://zava.example/facilities/darelly-learning-annex-1,499,Yes,43.753556,-79.474193
Joe Nathan Community Centre,North,Canyon,Civic Office,"Offers language classes with open weekends and senior wellness year-round. Known for a multi-purpose gym, emergency services, and extended evening hours.",+1 555-4216,http://zava.example/assets/facilities/joe-nathan-community-centre.jpg,"Mon-Wed 9:00-19:00, Thu-Fri 9:00-17:00, Sat 9:00-13:00",http://zava.example/facilities/joe-nathan-community-centre,114,No,43.722886,-79.481314
Daren Johanathan Civic Office,South,Riverton,Senior Centre,"Offers permit services with youth programs and open weekends year-round. Known for outdoor green space, arts workshops, and open weekends.",+1 555-7825,http://zava.example/assets/facilities/daren-johanathan-civic-office.jpg,"Mon-Fri 9:00-17:00, Sat 10:00-14:00",http://zava.example/facilities/daren-johanathan-civic-office,304,No,43.728381,-79.439581
Darelle Wellness Pavilion,Downtown,Bayview,Civic Office,"Offers after-school tutoring with arts workshops and open weekends year-round. Known for accessible entrances, free parking, and easy transit access.",+1 555-3353,http://zava.example/assets/facilities/darelle-wellness-pavilion.jpg,Daily 9:00-17:00,http://zava.example/facilities/darelle-wellness-pavilion,491,No,43.74684,-79.327845
Jonatan Jonathon Service Desk,Central,Elmwood,Community Hub,"Offers permit services with senior wellness and open weekends year-round. Known for private consultation rooms, youth programs, and on-site volunteers.",+1 555-7850,http://zava.example/assets/facilities/jonatan-jonathon-service-desk.jpg,"Tue-Sat 9:00-17:00, closed Sun-Mon",http://zava.example/facilities/jonatan-jonathon-service-desk,493,Yes,43.762696,-79.31325
Jonty Resource Center,Central,Crestwood,Community Hub,"Offers recreation leagues with youth programs and open weekends year-round. Known for a staffed information desk, arts workshops, and open weekends.",+1 555-6781,http://zava.example/assets/facilities/jonty-resource-center.jpg,"Mon-Fri 9:00-17:00, Sat 10:00-14:00",http://zava.example/facilities/jonty-resource-center,75,No,43.698979,-79.323532
Daren Recreation Centre,Central,Canyon,Community Hub,"Offers quiet study zones with arts workshops and emergency services year-round. Known for a welcoming lobby, youth programs, and easy transit access.",+1 555-4189,http://zava.example/assets/facilities/daren-recreation-centre.jpg,Daily 9:00-17:00,http://zava.example/facilities/daren-recreation-centre,333,No,43.614706,-79.399149
Jonny Nathan Sports Complex,West,Canyon,Access Point,"Offers fitness classes with emergency services and open weekends year-round. Known for a staffed information desk, free parking, and easy transit access.",+1 555-9341,http://zava.example/assets/facilities/jonny-nathan-sports-complex.jpg,"Mon-Fri 7:30-15:30, open weekends 10:00-14:00",http://zava.example/facilities/jonny-nathan-sports-complex,306,Yes,43.609061,-79.472593
Jonathan Service Desk,South,Canyon,Community Hub,"Offers food pantry referrals with senior wellness and arts workshops year-round. Known for a small café, emergency services, and easy transit access.",+1 555-9721,http://zava.example/assets/facilities/jonathan-service-desk.jpg,"Mon-Fri 9:00-20:00, Sat-Sun 10:00-16:00",http://zava.example/facilities/jonathan-service-desk,412,No,43.694979,-79.496673
Jonathan Library Branch,Downtown,Rosemont,Access Point,"Offers permit services with emergency services and free parking year-round. Known for a large auditorium, senior wellness, and on-site volunteers.",+1 555-3793,http://zava.example/assets/facilities/jonathan-library-branch.jpg,"Mon-Fri 7:30-15:30, open weekends 10:00-14:00",http://zava.example/facilities/jonathan-library-branch,125,Yes,43.606314,-79.310359
Darrol Jon Senior Centre,East,Hillcrest,Senior Centre,"Offers after-school tutoring with open weekends and youth programs year-round. Known for a small café, senior wellness, and extended evening hours.",+1 555-8837,http://zava.example/assets/facilities/darrol-jon-senior-centre.jpg,"Mon-Fri 7:30-15:30, open weekends 10:00-14:00",http://zava.example/facilities/darrol-jon-senior-centre,210,Yes,43.691933,-79.393375
Jona-than Resource Centre,Downtown,Birchwood,Senior Centre,"Offers language classes with senior wellness and open weekends year-round. Known for a staffed information desk, emergency services, and extended evening hours.",+1 555-5735,http://zava.example/assets/facilities/jona-than-resource-centre.jpg,"Tue-Sat 9:00-17:00, closed Sun-Mon",http://zava.example/facilities/jona-than-resource-centre,403,No,43.663408,-79.430239
Darryl Jon Learning Annex,Downtown,Parkview,Recreation Centre,"Offers permit services with emergency services and senior wellness year-round. Known for private consultation rooms, open weekends, and free parking.",+1 555-6674,http://zava.example/assets/facilities/darryl-jon-learning-annex.jpg,"Mon-Fri 9:00-20:00, Sat-Sun 10:00-16:00",http://zava.example/facilities/darryl-jon-learning-annex,385,No,43.749468,-79.457203
